,Layer
ZT18B1,7
ZT18B2,6
ZT18B3,3
ZT18B4,3
ZT18B5,6
ZT18B6,3
ZT18B7,8
ZT18B8,7
ZT18B9,4
ZT18B10,3
ZT18B11,3
ZT18B12,6
ZT18B13,6
ZT18B14,4
ZT18B15,3
ZT18B16,4
ZT18B17,6
ZT18B18,7
ZT18B19,8
ZT18B20,6
ZT18B21,7
ZT18B22,6
ZT18B23,6
ZT18B24,6
ZT18B25,1
ZT18B26,8
ZT18B27,8
ZT18B28,6
ZT18B29,4
ZT18B30,8
ZT18B31,8
ZT18B32,3
ZT18B33,4
ZT18B34,3
ZT18B35,2
ZT18B36,3
ZT18B37,1
ZT18B38,7
ZT18B39,7
ZT18B40,7
ZT18B41,7
ZT18B42,4
ZT18B43,1
ZT18B44,3
ZT18B45,4
ZT18B46,8
ZT18B47,6
ZT18B48,3
ZT18B49,7
ZT18B50,8
ZT18B51,8
ZT18B52,6
ZT18B53,8
ZT18B54,6
ZT18B55,3
ZT18B56,3
ZT18B57,8
ZT18B58,6
ZT18B59,8
ZT18B60,8
ZT18B61,6
ZT18B62,8
ZT18B63,8
ZT18B64,6
ZT18B65,4
ZT18B66,4
ZT18B67,8
ZT18B68,2
ZT18B69,7
ZT18B70,6
ZT18B71,7
ZT18B72,6
ZT18B73,3
ZT18B74,8
ZT18B75,6
ZT18B76,8
ZT18B77,3
ZT18B78,6
ZT18B79,7
ZT18B80,8
ZT18B81,6
ZT18B82,8
ZT18B83,3
ZT18B84,4
ZT18B85,8
ZT18B86,8
ZT18B87,8
ZT18B88,7
ZT18B89,3
ZT18B90,3
ZT18B91,3
ZT18B92,4
ZT18B93,8
ZT18B94,8
ZT18B95,8
ZT18B96,8
ZT18B97,3
ZT18B98,3
ZT18B99,7
ZT18B100,7
ZT18B101,4
ZT18B102,3
ZT18B103,2
ZT18B104,7
ZT18B105,3
ZT18B106,3
ZT18B107,8
ZT18B108,3
ZT18B109,1
ZT18B110,3
ZT18B111,8
ZT18B112,7
ZT18B113,1
ZT18B114,3
ZT18B115,6
ZT18B116,8
ZT18B117,8
ZT18B118,6
ZT18B119,8
ZT18B120,3
ZT18B121,6
ZT18B122,7
ZT18B123,4
ZT18B124,8
ZT18B125,6
ZT18B126,8
ZT18B127,2
ZT18B128,6
ZT18B129,4
ZT18B130,8
ZT18B131,7
ZT18B132,7
ZT18B133,8
ZT18B134,7
ZT18B135,8
ZT18B136,4
ZT18B137,6
ZT18B138,8
ZT18B139,8
ZT18B140,8
ZT18B141,6
ZT18B142,8
ZT18B143,8
ZT18B144,4
ZT18B145,8
ZT18B146,8
ZT18B147,6
ZT18B148,3
ZT18B149,1
ZT18B150,8
ZT18B151,6
ZT18B152,6
ZT18B153,2
ZT18B154,3
ZT18B155,7
ZT18B156,3
ZT18B157,2
ZT18B158,8
ZT18B159,8
ZT18B160,4
ZT18B161,8
ZT18B162,1
ZT18B163,3
ZT18B164,6
ZT18B165,3
ZT18B166,7
ZT18B167,6
ZT18B168,2
ZT18B169,8
ZT18B170,8
ZT18B171,3
ZT18B172,8
ZT18B173,6
ZT18B174,4
ZT18B175,3
ZT18B176,6
ZT18B177,4
ZT18B178,6
ZT18B179,8
ZT18B180,8
ZT18B181,8
ZT18B182,8
ZT18B183,8
ZT18B184,2
ZT18B185,8
ZT18B186,8
ZT18B187,8
ZT18B188,3
ZT18B189,4
ZT18B190,3
ZT18B191,6
ZT18B192,1
ZT18B193,2
ZT18B194,6
ZT18B195,4
ZT18B196,7
ZT18B197,8
ZT18B198,3
ZT18B199,6
ZT18B200,4
ZT18B201,8
ZT18B202,7
ZT18B203,6
ZT18B204,3
ZT18B205,3
ZT18B206,8
ZT18B207,7
ZT18B208,4
ZT18B209,7
ZT18B210,7
ZT18B211,4
ZT18B212,8
ZT18B213,2
ZT18B214,8
ZT18B215,8
ZT18B216,8
ZT18B217,8
ZT18B218,6
ZT18B219,1
ZT18B220,8
ZT18B221,8
ZT18B222,8
ZT18B223,3
ZT18B224,4
ZT18B225,7
ZT18B226,4
ZT18B227,8
ZT18B228,7
ZT18B229,3
ZT18B230,1
ZT18B231,8
ZT18B232,7
ZT18B233,8
ZT18B234,8
ZT18B235,7
ZT18B236,6
ZT18B237,1
ZT18B238,3
ZT18B239,7
ZT18B240,7
ZT18B241,7
ZT18B242,7
ZT18B243,2
ZT18B244,8
ZT18B245,6
ZT18B246,8
ZT18B247,7
ZT18B248,6
ZT18B249,3
ZT18B250,3
ZT18B251,8
ZT18B252,1
ZT18B253,4
ZT18B254,1
ZT18B255,2
ZT18B256,3
ZT18B257,3
ZT18B258,8
ZT18B259,4
ZT18B260,8
ZT18B261,6
ZT18B262,6
ZT18B263,3
ZT18B264,7
ZT18B265,8
ZT18B266,8
ZT18B267,3
ZT18B268,6
ZT18B269,7
ZT18B270,3
ZT18B271,7
ZT18B272,6
ZT18B273,8
ZT18B274,8
ZT18B275,7
ZT18B276,8
ZT18B277,6
ZT18B278,1
ZT18B279,6
ZT18B280,3
ZT18B281,3
ZT18B282,4
ZT18B283,6
ZT18B284,8
ZT18B285,5
ZT18B286,8
ZT18B287,7
ZT18B288,5
ZT18B289,6
ZT18B290,8
ZT18B291,7
ZT18B292,3
ZT18B293,2
ZT18B294,7
ZT18B295,8
ZT18B296,4
ZT18B297,8
ZT18B298,2
ZT18B299,7
ZT18B300,4
ZT18B301,8
ZT18B302,1
ZT18B303,8
ZT18B304,7
ZT18B305,7
ZT18B306,8
ZT18B307,8
ZT18B308,8
ZT18B309,7
ZT18B310,8
ZT18B311,3
ZT18B312,7
ZT18B313,7
ZT18B314,3
ZT18B315,1
ZT18B316,8
ZT18B317,6
ZT18B318,8
ZT18B319,4
ZT18B320,7
ZT18B321,8
ZT18B322,1
ZT18B323,8
ZT18B324,3
ZT18B325,8
ZT18B326,6
ZT18B327,4
ZT18B328,1
ZT18B329,4
ZT18B330,7
ZT18B331,6
ZT18B332,2
ZT18B333,7
ZT18B334,4
ZT18B335,4
ZT18B336,4
ZT18B337,7
ZT18B338,3
ZT18B339,4
ZT18B340,8
ZT18B341,7
ZT18B342,7
ZT18B343,8
ZT18B344,7
ZT18B345,3
ZT18B346,3
ZT18B347,7
ZT18B348,8
ZT18B349,8
ZT18B350,4
ZT18B351,1
ZT18B352,1
ZT18B353,3
ZT18B354,6
ZT18B355,8
ZT18B356,8
ZT18B357,2
ZT18B358,1
ZT18B359,7
ZT18B360,7
ZT18B361,8
ZT18B362,8
ZT18B363,8
ZT18B364,8
ZT18B365,3
ZT18B366,8
ZT18B367,3
ZT18B368,7
ZT18B369,7
ZT18B370,8
ZT18B371,4
ZT18B372,8
ZT18B373,6
ZT18B374,6
ZT18B375,7
ZT18B376,8
ZT18B377,7
ZT18B378,8
ZT18B379,4
ZT18B380,3
ZT18B381,6
ZT18B382,7
ZT18B383,4
ZT18B384,3
ZT18B385,2
ZT18B386,3
ZT18B387,6
ZT18B388,7
ZT18B389,7
ZT18B390,8
ZT18B391,2
ZT18B392,8
ZT18B393,7
ZT18B394,3
ZT18B395,6
ZT18B396,6
ZT18B397,6
ZT18B398,6
ZT18B399,6
ZT18B400,3
ZT18B401,3
ZT18B402,8
ZT18B403,4
ZT18B404,1
ZT18B405,7
ZT18B406,6
ZT18B407,1
ZT18B408,4
ZT18B409,7
ZT18B410,8
ZT18B411,6
ZT18B412,6
ZT18B413,8
ZT18B414,7
ZT18B415,8
ZT18B416,3
ZT18B417,3
ZT18B418,3
ZT18B419,7
ZT18B420,7
ZT18B421,7
ZT18B422,8
ZT18B423,8
ZT18B424,8
ZT18B425,2
ZT18B426,6
ZT18B427,3
ZT18B428,4
ZT18B429,8
ZT18B430,3
ZT18B431,4
ZT18B432,8
ZT18B433,3
ZT18B434,3
ZT18B435,4
ZT18B436,3
ZT18B437,8
ZT18B438,8
ZT18B439,7
ZT18B440,6
ZT18B441,8
ZT18B442,5
ZT18B443,7
ZT18B444,8
ZT18B445,8
ZT18B446,6
ZT18B447,7
ZT18B448,3
ZT18B449,7
ZT18B450,8
ZT18B451,6
ZT18B452,6
ZT18B453,8
ZT18B454,8
ZT18B455,3
ZT18B456,8
ZT18B457,4
ZT18B458,7
ZT18B459,8
ZT18B460,3
ZT18B461,3
ZT18B462,3
ZT18B463,3
ZT18B464,3
ZT18B465,4
ZT18B466,8
ZT18B467,3
ZT18B468,6
ZT18B469,8
ZT18B470,4
ZT18B471,6
ZT18B472,3
ZT18B473,8
ZT18B474,4
ZT18B475,6
ZT18B476,6
ZT18B477,4
ZT18B478,3
ZT18B479,8
ZT18B480,8
ZT18B481,3
ZT18B482,7
ZT18B483,6
ZT18B484,8
ZT18B485,6
ZT18B486,8
ZT18B487,8
ZT18B488,4
ZT18B489,6
ZT18B490,8
ZT18B491,8
ZT18B492,6
ZT18B493,3
ZT18B494,4
ZT18B495,8
ZT18B496,3
ZT18B497,4
ZT18B498,8
ZT18B499,8
ZT18B500,3
ZT18B501,2
ZT18B502,8
ZT18B503,8
ZT18B504,4
ZT18B505,4
ZT18B506,8
ZT18B507,5
ZT18B508,3
ZT18B509,8
ZT18B510,6
ZT18B511,2
ZT18B512,6
ZT18B513,8
ZT18B514,8
ZT18B515,2
ZT18B516,8
ZT18B517,2
ZT18B518,8
ZT18B519,7
ZT18B520,7
ZT18B521,6
ZT18B522,4
ZT18B523,6
ZT18B524,6
ZT18B525,8
ZT18B526,4
ZT18B527,8
ZT18B528,6
ZT18B529,7
ZT18B530,8
ZT18B531,8
ZT18B532,4
ZT18B533,6
ZT18B534,4
ZT18B535,8
ZT18B536,1
ZT18B537,8
ZT18B538,3
ZT18B539,8
ZT18B540,3
ZT18B541,6
ZT18B542,4
ZT18B543,3
ZT18B544,6
ZT18B545,7
ZT18B546,8
ZT18B547,1
ZT18B548,6
ZT18B549,8
ZT18B550,8
ZT18B551,8
ZT18B552,8
ZT18B553,8
ZT18B554,7
ZT18B555,8
ZT18B556,7
ZT18B557,8
ZT18B558,8
ZT18B559,4
ZT18B560,7
ZT18B561,6
ZT18B562,7
ZT18B563,3
ZT18B564,2
ZT18B565,8
ZT18B566,2
ZT18B567,6
ZT18B568,1
ZT18B569,3
ZT18B570,6
ZT18B571,7
ZT18B572,7
ZT18B573,3
ZT18B574,6
ZT18B575,8
ZT18B576,6
ZT18B577,6
ZT18B578,8
ZT18B579,8
ZT18B580,7
ZT18B581,8
ZT18B582,8
ZT18B583,7
ZT18B584,8
ZT18B585,8
ZT18B586,8
ZT18B587,4
ZT18B588,6
ZT18B589,6
ZT18B590,8
ZT18B591,4
ZT18B592,3
ZT18B593,2
ZT18B594,7
ZT18B595,3
ZT18B596,6
ZT18B597,6
ZT18B598,4
ZT18B599,8
ZT18B600,6
ZT18B601,6
ZT18B602,2
ZT18B603,8
ZT18B604,6
ZT18B605,3
ZT18B606,4
ZT18B607,6
ZT18B608,7
ZT18B609,3
ZT18B610,6
ZT18B611,6
ZT18B612,3
ZT18B613,7
ZT18B614,4
ZT18B615,6
ZT18B616,6
ZT18B617,7
ZT18B618,4
ZT18B619,2
ZT18B620,1
ZT18B621,8
ZT18B622,7
ZT18B623,3
ZT18B624,3
ZT18B625,4
ZT18B626,3
ZT18B627,8
ZT18B628,3
ZT18B629,4
ZT18B630,7
ZT18B631,3
ZT18B632,8
ZT18B633,3
ZT18B634,8
ZT18B635,7
ZT18B636,6
ZT18B637,8
ZT18B638,6
ZT18B639,6
ZT18B640,4
ZT18B641,8
ZT18B642,6
ZT18B643,7
ZT18B644,8
ZT18B645,3
ZT18B646,7
ZT18B647,2
ZT18B648,6
ZT18B649,3
ZT18B650,3
ZT18B651,2
ZT18B652,6
ZT18B653,7
ZT18B654,6
ZT18B655,3
ZT18B656,8
ZT18B657,1
ZT18B658,7
ZT18B659,6
ZT18B660,7
ZT18B661,3
ZT18B662,6
ZT18B663,1
ZT18B664,8
ZT18B665,8
ZT18B666,8
ZT18B667,7
ZT18B668,8
ZT18B669,8
ZT18B670,8
ZT18B671,6
ZT18B672,8
ZT18B673,3
ZT18B674,8
ZT18B675,8
ZT18B676,6
ZT18B677,3
ZT18B678,3
ZT18B679,6
ZT18B680,4
ZT18B681,8
ZT18B682,8
ZT18B683,1
ZT18B684,2
ZT18B685,8
ZT18B686,1
ZT18B687,6
ZT18B688,3
ZT18B689,8
ZT18B690,3
ZT18B691,3
ZT18B692,7
ZT18B693,2
ZT18B694,2
ZT18B695,8
ZT18B696,6
ZT18B697,8
ZT18B698,7
ZT18B699,8
ZT18B700,8
ZT18B701,2
ZT18B702,1
ZT18B703,8
ZT18B704,6
ZT18B705,7
ZT18B706,7
ZT18B707,2
ZT18B708,3
ZT18B709,7
ZT18B710,8
ZT18B711,2
ZT18B712,8
ZT18B713,4
ZT18B714,8
ZT18B715,2
ZT18B716,7
ZT18B717,3
ZT18B718,3
ZT18B719,8
ZT18B720,3
ZT18B721,6
ZT18B722,1
ZT18B723,7
ZT18B724,3
ZT18B725,8
ZT18B726,2
ZT18B727,8
ZT18B728,4
ZT18B729,8
ZT18B730,7
ZT18B731,3
ZT18B732,8
ZT18B733,8
ZT18B734,2
ZT18B735,6
ZT18B736,7
ZT18B737,6
ZT18B738,7
ZT18B739,4
ZT18B740,8
ZT18B741,8
ZT18B742,6
ZT18B743,1
ZT18B744,1
ZT18B745,8
ZT18B746,8
ZT18B747,6
ZT18B748,3
ZT18B749,5
ZT18B750,3
ZT18B751,1
ZT18B752,7
ZT18B753,1
ZT18B754,8
ZT18B755,8
ZT18B756,4
ZT18B757,8
ZT18B758,7
ZT18B759,8
ZT18B760,8
ZT18B761,2
ZT18B762,6
ZT18B763,6
ZT18B764,7
ZT18B765,7
ZT18B766,3
ZT18B767,6
ZT18B768,8
ZT18B769,1
ZT18B770,2
ZT18B771,8
ZT18B772,4
ZT18B773,6
ZT18B774,7
ZT18B775,3
ZT18B776,2
ZT18B777,1
ZT18B778,8
ZT18B779,8
ZT18B780,6
ZT18B781,8
ZT18B782,8
ZT18B783,8
ZT18B784,6
ZT18B785,6
ZT18B786,8
ZT18B787,8
ZT18B788,8
ZT18B789,2
ZT18B790,6
ZT18B791,4
ZT18B792,3
ZT18B793,8
ZT18B794,3
ZT18B795,8
ZT18B796,4
ZT18B797,3
ZT18B798,8
ZT18B799,1
ZT18B800,7
ZT18B801,7
ZT18B802,7
ZT18B803,8
ZT18B804,7
ZT18B805,6
ZT18B806,4
ZT18B807,8
ZT18B808,5
ZT18B809,8
ZT18B810,4
ZT18B811,8
ZT18B812,6
ZT18B813,6
ZT18B814,8
ZT18B815,8
ZT18B816,7
ZT18B817,7
ZT18B818,4
ZT18B819,7
ZT18B820,1
ZT18B821,6
ZT18B822,7
ZT18B823,8
ZT18B824,8
ZT18B825,1
ZT18B826,3
ZT18B827,6
ZT18B828,1
ZT18B829,8
ZT18B830,6
ZT18B831,8
ZT18B832,3
ZT18B833,8
ZT18B834,7
ZT18B835,8
ZT18B836,3
ZT18B837,7
ZT18B838,6
ZT18B839,8
ZT18B840,3
ZT18B841,8
ZT18B842,3
ZT18B843,7
ZT18B844,4
ZT18B845,6
ZT18B846,3
ZT18B847,8
ZT18B848,8
ZT18B849,8
ZT18B850,8
ZT18B851,7
ZT18B852,6
ZT18B853,6
ZT18B854,6
ZT18B855,8
ZT18B856,6
ZT18B857,3
ZT18B858,8
ZT18B859,8
ZT18B860,8
ZT18B861,8
ZT18B862,6
ZT18B863,8
ZT18B864,8
ZT18B865,8
ZT18B866,2
ZT18B867,8
ZT18B868,7
ZT18B869,2
ZT18B870,8
ZT18B871,7
ZT18B872,5
ZT18B873,6
ZT18B874,3
ZT18B875,8
ZT18B876,3
ZT18B877,7
ZT18B878,3
ZT18B879,3
ZT18B880,6
ZT18B881,3
ZT18B882,8
ZT18B883,8
ZT18B884,8
ZT18B885,8
ZT18B886,3
ZT18B887,4
ZT18B888,3
ZT18B889,7
ZT18B890,8
ZT18B891,7
ZT18B892,8
ZT18B893,8
ZT18B894,6
ZT18B895,6
ZT18B896,4
ZT18B897,3
ZT18B898,3
ZT18B899,8
ZT18B900,4
ZT18B901,1
ZT18B902,3
ZT18B903,8
ZT18B904,8
ZT18B905,7
ZT18B906,8
ZT18B907,4
ZT18B908,7
ZT18B909,8
ZT18B910,2
ZT18B911,7
ZT18B912,6
ZT18B913,7
ZT18B914,4
ZT18B915,6
ZT18B916,7
ZT18B917,3
ZT18B918,6
ZT18B919,7
ZT18B920,6
ZT18B921,4
ZT18B922,6
ZT18B923,8
ZT18B924,4
ZT18B925,3
ZT18B926,6
ZT18B927,8
ZT18B928,8
ZT18B929,3
ZT18B930,7
ZT18B931,6
ZT18B932,1
ZT18B933,4
ZT18B934,6
ZT18B935,4
ZT18B936,8
ZT18B937,7
ZT18B938,3
ZT18B939,6
ZT18B940,6
ZT18B941,4
ZT18B942,6
ZT18B943,7
ZT18B944,7
ZT18B945,7
ZT18B946,3
ZT18B947,3
ZT18B948,3
ZT18B949,8
ZT18B950,8
ZT18B951,1
ZT18B952,8
ZT18B953,8
ZT18B954,8
ZT18B955,3
ZT18B956,6
ZT18B957,7
ZT18B958,7
ZT18B959,2
ZT18B960,8
ZT18B961,8
ZT18B962,5
ZT18B963,6
ZT18B964,8
ZT18B965,3
ZT18B966,8
ZT18B967,7
ZT18B968,8
ZT18B969,3
ZT18B970,8
ZT18B971,8
ZT18B972,3
ZT18B973,6
ZT18B974,3
ZT18B975,6
ZT18B976,8
ZT18B977,4
ZT18B978,3
ZT18B979,4
ZT18B980,4
ZT18B981,7
ZT18B982,3
ZT18B983,6
ZT18B984,7
ZT18B985,7
ZT18B986,8
ZT18B987,8
ZT18B988,3
ZT18B989,3
ZT18B990,6
ZT18B991,7
ZT18B992,7
ZT18B993,4
ZT18B994,8
ZT18B995,3
ZT18B996,4
ZT18B997,4
ZT18B998,3
ZT18B999,6
ZT18B1000,7
ZT18B1001,7
ZT18B1002,7
ZT18B1003,7
ZT18B1004,8
ZT18B1005,7
ZT18B1006,6
ZT18B1007,8
ZT18B1008,8
ZT18B1009,6
ZT18B1010,3
ZT18B1011,6
ZT18B1012,8
ZT18B1013,2
ZT18B1014,8
ZT18B1015,8
ZT18B1016,6
ZT18B1017,6
ZT18B1018,1
ZT18B1019,8
ZT18B1020,3
ZT18B1021,7
ZT18B1022,3
ZT18B1023,8
ZT18B1024,3
ZT18B1025,1
ZT18B1026,4
ZT18B1027,1
ZT18B1028,6
ZT18B1029,4
ZT18B1030,6
ZT18B1031,3
ZT18B1032,7
ZT18B1033,1
ZT18B1034,4
ZT18B1035,7
ZT18B1036,3
ZT18B1037,1
ZT18B1038,7
ZT18B1039,2
ZT18B1040,7
ZT18B1041,8
ZT18B1042,3
ZT18B1043,6
ZT18B1044,8
ZT18B1045,7
ZT18B1046,8
ZT18B1047,7
ZT18B1048,2
ZT18B1049,3
ZT18B1050,3
ZT18B1051,6
ZT18B1052,6
ZT18B1053,8
ZT18B1054,8
ZT18B1055,2
ZT18B1056,3
ZT18B1057,2
ZT18B1058,8
ZT18B1059,6
ZT18B1060,8
ZT18B1061,6
ZT18B1062,7
ZT18B1063,6
ZT18B1064,8
ZT18B1065,2
ZT18B1066,3
ZT18B1067,1
ZT18B1068,8
ZT18B1069,3
ZT18B1070,8
ZT18B1071,3
ZT18B1072,8
ZT18B1073,8
ZT18B1074,8
ZT18B1075,7
ZT18B1076,7
ZT18B1077,6
ZT18B1078,8
ZT18B1079,4
ZT18B1080,8
ZT18B1081,7
ZT18B1082,8
ZT18B1083,4
ZT18B1084,8
ZT18B1085,2
ZT18B1086,6
ZT18B1087,8
ZT18B1088,8
ZT18B1089,7
ZT18B1090,6
ZT18B1091,4
ZT18B1092,4
ZT18B1093,8
ZT18B1094,3
ZT18B1095,6
ZT18B1096,8
ZT18B1097,6
ZT18B1098,8
ZT18B1099,8
ZT18B1100,2
ZT18B1101,7
ZT18B1102,6
ZT18B1103,6
ZT18B1104,8
ZT18B1105,6
ZT18B1106,8
ZT18B1107,3
ZT18B1108,6
ZT18B1109,2
ZT18B1110,8
ZT18B1111,6
ZT18B1112,8
ZT18B1113,4
ZT18B1114,8
ZT18B1115,7
ZT18B1116,7
ZT18B1117,1
ZT18B1118,8
ZT18B1119,8
ZT18B1120,8
ZT18B1121,8
ZT18B1122,8
ZT18B1123,8
ZT18B1124,6
ZT18B1125,3
ZT18B1126,7
ZT18B1127,8
ZT18B1128,4
ZT18B1129,8
ZT18B1130,6
ZT18B1131,2
ZT18B1132,8
ZT18B1133,8
ZT18B1134,6
ZT18B1135,8
ZT18B1136,8
ZT18B1137,7
ZT18B1138,4
ZT18B1139,3
ZT18B1140,7
ZT18B1141,4
ZT18B1142,6
ZT18B1143,1
ZT18B1144,3
ZT18B1145,6
ZT18B1146,3
ZT18B1147,4
ZT18B1148,8
ZT18B1149,2
ZT18B1150,6
ZT18B1151,4
ZT18B1152,8
ZT18B1153,3
ZT18B1154,3
ZT18B1155,3
ZT18B1156,3
ZT18B1157,7
ZT18B1158,3
ZT18B1159,8
ZT18B1160,3
ZT18B1161,6
ZT18B1162,6
ZT18B1163,7
ZT18B1164,6
ZT18B1165,3
ZT18B1166,6
ZT18B1167,4
ZT18B1168,4
ZT18B1169,7
ZT18B1170,8
ZT18B1171,8
ZT18B1172,3
ZT18B1173,4
ZT18B1174,8
ZT18B1175,1
ZT18B1176,6
ZT18B1177,3
ZT18B1178,7
ZT18B1179,8
ZT18B1180,6
ZT18B1181,4
ZT18B1182,8
ZT18B1183,7
ZT18B1184,7
ZT18B1185,3
ZT18B1186,6
ZT18B1187,7
ZT18B1188,8
ZT18B1189,6
ZT18B1190,3
ZT18B1191,8
ZT18B1192,7
ZT18B1193,8
ZT18B1194,8
ZT18B1195,3
ZT18B1196,8
ZT18B1197,7
ZT18B1198,6
ZT18B1199,4
ZT18B1200,8
ZT18B1201,8
ZT18B1202,6
ZT18B1203,6
ZT18B1204,8
ZT18B1205,7
ZT18B1206,1
ZT18B1207,7
ZT18B1208,6
ZT18B1209,8
ZT18B1210,3
ZT18B1211,8
ZT18B1212,8
ZT18B1213,7
ZT18B1214,3
ZT18B1215,6
ZT18B1216,8
ZT18B1217,6
ZT18B1218,1
ZT18B1219,6
ZT18B1220,7
ZT18B1221,6
ZT18B1222,4
ZT18B1223,4
ZT18B1224,8
ZT18B1225,3
ZT18B1226,3
ZT18B1227,3
ZT18B1228,1
ZT18B1229,3
ZT18B1230,7
ZT18B1231,8
ZT18B1232,8
ZT18B1233,6
ZT18B1234,2
ZT18B1235,8
ZT18B1236,2
ZT18B1237,8
ZT18B1238,6
ZT18B1239,6
ZT18B1240,8
ZT18B1241,4
ZT18B1242,8
ZT18B1243,4
ZT18B1244,8
ZT18B1245,7
ZT18B1246,7
ZT18B1247,3
ZT18B1248,4
ZT18B1249,4
ZT18B1250,8
ZT18B1251,6
ZT18B1252,3
ZT18B1253,3
ZT18B1254,8
ZT18B1255,8
ZT18B1256,3
ZT18B1257,7
ZT18B1258,3
ZT18B1259,7
ZT18B1260,3
ZT18B1261,4
ZT18B1262,7
ZT18B1263,1
ZT18B1264,4
ZT18B1265,4
ZT18B1266,7
ZT18B1267,4
ZT18B1268,2
ZT18B1269,6
ZT18B1270,3
ZT18B1271,7
ZT18B1272,8
ZT18B1273,3
ZT18B1274,8
ZT18B1275,4
ZT18B1276,1
ZT18B1277,3
ZT18B1278,7
ZT18B1279,7
ZT18B1280,6
ZT18B1281,7
ZT18B1282,8
ZT18B1283,1
ZT18B1284,7
ZT18B1285,7
ZT18B1286,4
ZT18B1287,8
ZT18B1288,6
ZT18B1289,3
ZT18B1290,8
ZT18B1291,7
ZT18B1292,7
ZT18B1293,8
ZT18B1294,8
ZT18B1295,2
ZT18B1296,1
ZT18B1297,8
ZT18B1298,7
ZT18B1299,7
ZT18B1300,8
ZT18B1301,8
ZT18B1302,8
ZT18B1303,1
ZT18B1304,8
ZT18B1305,4
ZT18B1306,6
ZT18B1307,6
ZT18B1308,4
ZT18B1309,1
ZT18B1310,7
ZT18B1311,8
ZT18B1312,8
ZT18B1313,6
ZT18B1314,4
ZT18B1315,8
ZT18B1316,8
ZT18B1317,8
ZT18B1318,6
ZT18B1319,8
ZT18B1320,7
ZT18B1321,8
ZT18B1322,4
ZT18B1323,1
ZT18B1324,6
ZT18B1325,6
ZT18B1326,7
ZT18B1327,8
ZT18B1328,6
ZT18B1329,8
ZT18B1330,8
ZT18B1331,6
ZT18B1332,6
ZT18B1333,6
ZT18B1334,8
ZT18B1335,8
ZT18B1336,3
ZT18B1337,4
ZT18B1338,8
ZT18B1339,8
ZT18B1340,6
ZT18B1341,4
ZT18B1342,7
ZT18B1343,3
ZT18B1344,4
ZT18B1345,6
ZT18B1346,6
ZT18B1347,4
ZT18B1348,6
ZT18B1349,4
ZT18B1350,1
ZT18B1351,1
ZT18B1352,6
ZT18B1353,6
ZT18B1354,6
ZT18B1355,7
ZT18B1356,6
ZT18B1357,7
ZT18B1358,3
ZT18B1359,4
ZT18B1360,8
ZT18B1361,7
ZT18B1362,6
ZT18B1363,6
ZT18B1364,3
ZT18B1365,4
ZT18B1366,3
ZT18B1367,8
ZT18B1368,8
ZT18B1369,8
ZT18B1370,7
ZT18B1371,8
ZT18B1372,7
ZT18B1373,7
ZT18B1374,4
ZT18B1375,3
ZT18B1376,8
ZT18B1377,1
ZT18B1378,8
ZT18B1379,8
ZT18B1380,7
ZT18B1381,7
ZT18B1382,8
ZT18B1383,3
ZT18B1384,6
ZT18B1385,8
ZT18B1386,1
ZT18B1387,1
ZT18B1388,3
ZT18B1389,3
ZT18B1390,3
ZT18B1391,8
ZT18B1392,1
ZT18B1393,3
ZT18B1394,4
ZT18B1395,3
ZT18B1396,6
ZT18B1397,4
ZT18B1398,3
ZT18B1399,4
ZT18B1400,8
ZT18B1401,4
ZT18B1402,8
ZT18B1403,6
ZT18B1404,3
ZT18B1405,8
ZT18B1406,7
ZT18B1407,8
ZT18B1408,7
ZT18B1409,8
ZT18B1410,1
ZT18B1411,3
ZT18B1412,3
ZT18B1413,3
ZT18B1414,8
ZT18B1415,4
ZT18B1416,4
ZT18B1417,8
ZT18B1418,8
ZT18B1419,7
ZT18B1420,8
ZT18B1421,3
ZT18B1422,8
ZT18B1423,3
ZT18B1424,3
ZT18B1425,8
ZT18B1426,8
ZT18B1427,4
ZT18B1428,8
ZT18B1429,1
ZT18B1430,4
ZT18B1431,3
ZT18B1432,7
ZT18B1433,7
ZT18B1434,6
ZT18B1435,8
ZT18B1436,7
ZT18B1437,8
ZT18B1438,7
ZT18B1439,8
ZT18B1440,8
ZT18B1441,3
ZT18B1442,7
ZT18B1443,7
ZT18B1444,3
ZT18B1445,7
ZT18B1446,8
ZT18B1447,8
ZT18B1448,1
ZT18B1449,3
ZT18B1450,6
ZT18B1451,7
ZT18B1452,8
ZT18B1453,3
ZT18B1454,8
ZT18B1455,1
ZT18B1456,7
ZT18B1457,1
ZT18B1458,3
ZT18B1459,8
ZT18B1460,7
ZT18B1461,8
ZT18B1462,3
ZT18B1463,8
ZT18B1464,3
ZT18B1465,3
ZT18B1466,7
ZT18B1467,8
ZT18B1468,4
ZT18B1469,2
ZT18B1470,6
ZT18B1471,8
ZT18B1472,8
ZT18B1473,8
ZT18B1474,7
ZT18B1475,2
ZT18B1476,8
ZT18B1477,1
ZT18B1478,7
ZT18B1479,8
ZT18B1480,4
ZT18B1481,7
ZT18B1482,1
ZT18B1483,1
ZT18B1484,3
ZT18B1485,7
ZT18B1486,7
ZT18B1487,4
ZT18B1488,1
ZT18B1489,6
ZT18B1490,8
ZT18B1491,1
ZT18B1492,7
ZT18B1493,7
ZT18B1494,6
ZT18B1495,4
ZT18B1496,6
ZT18B1497,3
ZT18B1498,2
ZT18B1499,7
ZT18B1500,8
ZT18B1501,1
ZT18B1502,7
ZT18B1503,6
ZT18B1504,3
ZT18B1505,8
ZT18B1506,6
ZT18B1507,7
ZT18B1508,7
ZT18B1509,6
ZT18B1510,8
ZT18B1511,4
ZT18B1512,8
ZT18B1513,3
ZT18B1514,8
ZT18B1515,1
ZT18B1516,8
ZT18B1517,8
ZT18B1518,6
ZT18B1519,3
ZT18B1520,3
ZT18B1521,7
ZT18B1522,8
ZT18B1523,3
ZT18B1524,7
ZT18B1525,4
ZT18B1526,7
ZT18B1527,7
ZT18B1528,1
ZT18B1529,8
ZT18B1530,7
ZT18B1531,7
ZT18B1532,4
ZT18B1533,4
ZT18B1534,1
ZT18B1535,8
ZT18B1536,3
ZT18B1537,8
ZT18B1538,8
ZT18B1539,6
ZT18B1540,3
ZT18B1541,6
ZT18B1542,4
ZT18B1543,3
ZT18B1544,1
ZT18B1545,7
ZT18B1546,8
ZT18B1547,4
ZT18B1548,3
ZT18B1549,8
ZT18B1550,1
ZT18B1551,8
ZT18B1552,4
ZT18B1553,3
ZT18B1554,8
ZT18B1555,8
ZT18B1556,3
ZT18B1557,8
ZT18B1558,8
ZT18B1559,8
ZT18B1560,6
ZT18B1561,2
ZT18B1562,7
ZT18B1563,8
ZT18B1564,8
ZT18B1565,8
ZT18B1566,8
ZT18B1567,8
ZT18B1568,6
ZT18B1569,8
ZT18B1570,2
ZT18B1571,4
ZT18B1572,3
ZT18B1573,6
ZT18B1574,7
ZT18B1575,6
ZT18B1576,8
ZT18B1577,2
ZT18B1578,6
ZT18B1579,2
ZT18B1580,6
ZT18B1581,8
ZT18B1582,5
ZT18B1583,7
ZT18B1584,7
ZT18B1585,6
ZT18B1586,8
ZT18B1587,6
ZT18B1588,3
ZT18B1589,8
ZT18B1590,6
ZT18B1591,1
ZT18B1592,7
ZT18B1593,7
ZT18B1594,4
ZT18B1595,6
ZT18B1596,8
ZT18B1597,7
ZT18B1598,3
ZT18B1599,8
ZT18B1600,6
ZT18B1601,6
ZT18B1602,8
ZT18B1603,8
ZT18B1604,4
ZT18B1605,3
ZT18B1606,3
ZT18B1607,6
ZT18B1608,5
ZT18B1609,8
ZT18B1610,6
ZT18B1611,7
ZT18B1612,8
ZT18B1613,1
ZT18B1614,6
ZT18B1615,8
ZT18B1616,2
ZT18B1617,7
ZT18B1618,8
ZT18B1619,6
ZT18B1620,4
ZT18B1621,4
ZT18B1622,7
ZT18B1623,8
ZT18B1624,7
ZT18B1625,8
ZT18B1626,3
ZT18B1627,8
ZT18B1628,2
ZT18B1629,8
ZT18B1630,3
ZT18B1631,6
ZT18B1632,8
ZT18B1633,8
ZT18B1634,8
ZT18B1635,3
ZT18B1636,7
ZT18B1637,1
ZT18B1638,6
ZT18B1639,4
ZT18B1640,3
ZT18B1641,3
ZT18B1642,8
ZT18B1643,3
ZT18B1644,3
ZT18B1645,8
ZT18B1646,8
ZT18B1647,4
ZT18B1648,8
ZT18B1649,6
ZT18B1650,2
ZT18B1651,3
ZT18B1652,3
ZT18B1653,7
ZT18B1654,8
ZT18B1655,7
ZT18B1656,8
ZT18B1657,8
ZT18B1658,6
ZT18B1659,1
ZT18B1660,7
ZT18B1661,6
ZT18B1662,8
ZT18B1663,4
ZT18B1664,3
ZT18B1665,6
ZT18B1666,7
ZT18B1667,7
ZT18B1668,7
ZT18B1669,4
ZT18B1670,8
ZT18B1671,6
ZT18B1672,8
ZT18B1673,4
ZT18B1674,8
ZT18B1675,6
ZT18B1676,3
ZT18B1677,3
ZT18B1678,6
ZT18B1679,3
ZT18B1680,8
ZT18B1681,6
ZT18B1682,3
ZT18B1683,2
ZT18B1684,8
ZT18B1685,8
ZT18B1686,8
ZT18B1687,7
ZT18B1688,8
ZT18B1689,6
ZT18B1690,6
ZT18B1691,3
ZT18B1692,7
ZT18B1693,3
ZT18B1694,8
ZT18B1695,6
ZT18B1696,6
ZT18B1697,7
ZT18B1698,7
ZT18B1699,8
ZT18B1700,7
ZT18B1701,8
ZT18B1702,2
ZT18B1703,6
ZT18B1704,2
ZT18B1705,1
ZT18B1706,8
ZT18B1707,7
ZT18B1708,2
ZT18B1709,4
ZT18B1710,7
ZT18B1711,6
ZT18B1712,8
ZT18B1713,8
ZT18B1714,3
ZT18B1715,6
ZT18B1716,7
ZT18B1717,6
ZT18B1718,4
ZT18B1719,7
ZT18B1720,8
ZT18B1721,6
ZT18B1722,3
ZT18B1723,8
ZT18B1724,8
ZT18B1725,8
ZT18B1726,8
ZT18B1727,8
ZT18B1728,6
ZT18B1729,4
ZT18B1730,8
ZT18B1731,8
ZT18B1732,4
ZT18B1733,3
ZT18B1734,8
ZT18B1735,6
ZT18B1736,8
ZT18B1737,1
ZT18B1738,7
ZT18B1739,8
ZT18B1740,1
ZT18B1741,8
ZT18B1742,6
ZT18B1743,7
ZT18B1744,8
ZT18B1745,8
ZT18B1746,7
ZT18B1747,3
ZT18B1748,8
ZT18B1749,8
ZT18B1750,8
ZT18B1751,8
ZT18B1752,7
ZT18B1753,2
ZT18B1754,4
ZT18B1755,3
ZT18B1756,7
ZT18B1757,6
ZT18B1758,3
ZT18B1759,3
ZT18B1760,8
ZT18B1761,8
ZT18B1762,7
ZT18B1763,8
ZT18B1764,8
ZT18B1765,8
ZT18B1766,1
ZT18B1767,4
ZT18B1768,2
ZT18B1769,7
ZT18B1770,6
ZT18B1771,6
ZT18B1772,8
ZT18B1773,8
ZT18B1774,7
ZT18B1775,8
ZT18B1776,8
ZT18B1777,3
ZT18B1778,8
ZT18B1779,3
ZT18B1780,3
ZT18B1781,7
ZT18B1782,4
ZT18B1783,8
ZT18B1784,4
ZT18B1785,3
ZT18B1786,3
ZT18B1787,3
